lag_months,r_pearson,n_pairs
0,0.17508020309882846,125
1,0.4020064259102244,124
2,0.5197183150166037,123
