lag_months,pearson_r
0,0.21089417047855155
1,0.4655615409932628
2,0.5920566972169354
